{
  "title": "Ontario's Libraries Working Together",
  "outline": [
    {
      "level": "H1",
      "text": "RFP: Request foror Proposaloposal",
      "page": 1
    },
    {
      "level": "H2",
      "text": "Digital Library",
      "page": 1
    },
    {
      "level": "H3",
      "text": "Prosperity Strategy",
      "page": 2
    },
    {
      "level": "H2",
      "text": "Timeline:",
      "page": 2
    },
    {
      "level": "H2",
      "text": "Access:",
      "page": 5
    },
    {
      "level": "H2",
      "text": "Training:",
      "page": 5
    },
    {
      "level": "H2",
      "text": "2007. The planning process must also secure the full commitment of all stakeholders, as",
      "page": 6
    },
    {
      "level": "H3",
      "text": "Phase II: Implementing and Transitioning",
      "page": 9
    },
    {
      "level": "H3",
      "text": "Phase III: Operating and Growing the ODL",
      "page": 9
    },
    {
      "level": "H3",
      "text": "OVERVIEW OF ODL FUNDING MODEL",
      "page": 10
    },
    {
      "level": "H3",
      "text": "TOTAL ANNUAL $50M$75M",
      "page": 10
    },
    {
      "level": "H2",
      "text": "2. Terms of Reference",
      "page": 11
    },
    {
      "level": "H2",
      "text": "3. Membership",
      "page": 11
    },
    {
      "level": "H3",
      "text": "3.1 Schools:",
      "page": 11
    },
    {
      "level": "H3",
      "text": "3.2 Universities:",
      "page": 11
    }
  ]
}