{
  "title": "Overview Foundation Level Extensions",
  "outline": [
    {
      "level": "H2",
      "text": "International Software Testing Qualifications Board",
      "page": 1
    },
    {
      "level": "H2",
      "text": "Revision History",
      "page": 3
    },
    {
      "level": "H2",
      "text": "2. Introduction to Foundation Level Agile Tester Extension ... 7",
      "page": 4
    },
    {
      "level": "H3",
      "text": "2.1 Intended Audience ... 7",
      "page": 4
    },
    {
      "level": "H3",
      "text": "2.2 Career Paths for Testers ... 7",
      "page": 4
    },
    {
      "level": "H3",
      "text": "2.3 Learning Objectives ... 7",
      "page": 4
    },
    {
      "level": "H3",
      "text": "2.4 Entry Requirements ... 8",
      "page": 4
    },
    {
      "level": "H3",
      "text": "2.5 Structure and Course Duration... 8",
      "page": 4
    },
    {
      "level": "H3",
      "text": "2.6 Keeping It Current... 9",
      "page": 4
    },
    {
      "level": "H3",
      "text": "3.1 Business Outcomes ... 10",
      "page": 4
    },
    {
      "level": "H3",
      "text": "3.2 Content... 10",
      "page": 4
    },
    {
      "level": "H2",
      "text": "4. References ... 12",
      "page": 4
    },
    {
      "level": "H3",
      "text": "4.1 Trademarks ... 12",
      "page": 4
    },
    {
      "level": "H3",
      "text": "4.2 Documents and Web Sites... 12",
      "page": 4
    },
    {
      "level": "H2",
      "text": "Acknowledgements",
      "page": 5
    }
  ]
}